委員ID,原始姓名,政黨,選區,八選區,原籍,七原籍,成長,七成長,大學學歷,最高學歷,前職業,任期起,任期迄,下任,性別,委員會,英文名
立委19,孔文吉,國民黨,原住民,原住民,南投,中彰投,南投,中彰投,臺灣大學外文系,羅芙堡大學社會學系媒體研究組博士,教授,2020/2/1,2024/1/31,盧縣一,男,第10屆第1會期：經濟委員會;第10屆第2會期：經濟委員會;第10屆第3會期：經濟委員會;第10屆第3會期：紀律委員會;第10屆第4會期：經濟委員會;第10屆第5會期：經濟委員會;第10屆第6會期：經濟委員會;第10屆第7會期：經濟委員會;第10屆第8會期：經濟委員會;,Kung Wen-Chi
立委56,王定宇,民進黨,臺南,南高屏,臺南,南高屏,桃園,基北桃,成功大學外文系,臺北大學企管博士,行銷顧問,2020/2/1,2024/1/31,連任,男,第10屆第1會期：外交及國防委員會;第10屆第2會期：外交及國防委員會;第10屆第2會期：修憲委員會;第10屆第2會期：紀律委員會;第10屆第3會期：外交及國防委員會;第10屆第3會期：修憲委員會;第10屆第4會期：外交及國防委員會;第10屆第5會期：外交及國防委員會;第10屆第6會期：外交及國防委員會;第10屆第6會期：紀律委員會;第10屆第7會期：外交及國防委員會;第10屆第8會期：外交及國防委員會;,Wang Ting-Yu
立委57,王美惠,民進黨,嘉義,雲嘉,嘉義,雲嘉,嘉義,雲嘉,大同技術學院,嘉義大學管理碩士,,2020/2/1,2024/1/31,連任,女,第10屆第1會期：內政委員會;第10屆第2會期：內政委員會;第10屆第3會期：內政委員會;第10屆第3會期：經費稽核委員會;第10屆第4會期：經費稽核委員會;第10屆第4會期：內政委員會;第10屆第5會期：內政委員會;第10屆第5會期：經費稽核委員會;第10屆第6會期：經費稽核委員會;第10屆第6會期：內政委員會;第10屆第6會期：紀律委員會;第10屆第7會期：內政委員會;第10屆第7會期：經費稽核委員會;第10屆第8會期：內政委員會;第10屆第8會期：經費稽核委員會;,WangMei-Hui
立委55,王婉諭,時代力量,不分區,不分區,新竹,竹苗,臺中,中彰投,臺灣大學地質系,美國南加州大學材料科學系碩士,研發工程師,2020/2/1,2024/1/31,,女,第10屆第1會期：社會福利及衛生環境委員會;第10屆第1會期：經費稽核委員會;第10屆第2會期：社會福利及衛生環境委員會;第10屆第2會期：經費稽核委員會;第10屆第3會期：教育及文化委員會;第10屆第4會期：教育及文化委員會;第10屆第5會期：教育及文化委員會;第10屆第6會期：教育及文化委員會;第10屆第7會期：社會福利及衛生環境委員會;第10屆第8會期：社會福利及衛生環境委員會;,WangWan-Yu
立委58,王鴻薇,國民黨,臺北,基北桃,臺北,基北桃,臺北,基北桃,政治大學新聞學系,政治大學新聞學系,報社主任,2023/1/16,2024/1/31,連任,女,第10屆第7會期：司法及法制委員會;第10屆第8會期：司法及法制委員會;,wang hung wei
立委1,伍麗華,民進黨,原住民,原住民,屏東,南高屏,屏東,南高屏,臺灣省立屏東師範專科學校,屏東大學教育行政研究所博士班,國小校長,2020/2/1,2024/1/31,連任,女,第10屆第1會期：教育及文化委員會;第10屆第2會期：教育及文化委員會;第10屆第2會期：修憲委員會;第10屆第3會期：內政委員會;第10屆第3會期：修憲委員會;第10屆第4會期：內政委員會;第10屆第5會期：內政委員會;第10屆第6會期：內政委員會;第10屆第7會期：內政委員會;第10屆第8會期：內政委員會;,WuLi-Hua
立委48,江永昌,民進黨,新北,基北桃,新北,基北桃,新北,基北桃,中興大學物理學系,臺灣科技大學財務金融碩士,國中教師,2020/2/1,2024/1/31,張智倫,男,第10屆第1會期：財政委員會;第10屆第2會期：財政委員會;第10屆第2會期：司法及法制委員會;第10屆第3會期：司法及法制委員會;第10屆第4會期：司法及法制委員會;第10屆第5會期：司法及法制委員會;第10屆第6會期：司法及法制委員會;第10屆第7會期：司法及法制委員會;第10屆第8會期：司法及法制委員會;,Chiang Yung-Chang
立委47,江啟臣,國民黨,臺中,中彰投,臺中,中彰投,臺中,中彰投,政治大學外交學系,美國南卡羅萊納大學國際關係博士,教授,2020/2/1,2024/1/31,連任,男,第10屆第1會期：外交及國防委員會;第10屆第2會期：外交及國防委員會;第10屆第3會期：外交及國防委員會;第10屆第4會期：外交及國防委員會;第10屆第5會期：外交及國防委員會;第10屆第5會期：紀律委員會;第10屆第6會期：外交及國防委員會;第10屆第7會期：外交及國防委員會;第10屆第8會期：外交及國防委員會;,Chiang Chi-Chen
立委2,何志偉,民進黨,臺北,基北桃,臺北,基北桃,臺北,基北桃,加州州立大學富勒頓分校財金系,政治大學資訊管理學系博士班,,2020/2/1,2024/1/31,王世堅,男,第10屆第1會期：外交及國防委員會;第10屆第2會期：外交及國防委員會;第10屆第2會期：修憲委員會;第10屆第2會期：司法及法制委員會;第10屆第3會期：司法及法制委員會;第10屆第3會期：修憲委員會;第10屆第4會期：司法及法制委員會;第10屆第5會期：外交及國防委員會;第10屆第6會期：外交及國防委員會;第10屆第7會期：外交及國防委員會;第10屆第8會期：外交及國防委員會;,Ho Mark Chih Wei
立委3,何欣純,民進黨,臺中,中彰投,臺中,中彰投,臺中,中彰投,成功大學歷史系,,,2020/2/1,2024/1/31,連任,女,第10屆第1會期：交通委員會;第10屆第1會期：經費稽核委員會;第10屆第2會期：經費稽核委員會;第10屆第3會期：經濟委員會;第10屆第3會期：經費稽核委員會;第10屆第4會期：經費稽核委員會;第10屆第4會期：經濟委員會;第10屆第5會期：教育及文化委員會;第10屆第5會期：經費稽核委員會;第10屆第6會期：經費稽核委員會;第10屆第6會期：教育及文化委員會;第10屆第7會期：交通委員會;第10屆第8會期：交通委員會;,Ho Hsin-Chun
立委4,余天,民進黨,新北,基北桃,新北,基北桃,新竹,竹苗,,,歌手,2020/2/1,2024/1/31,李坤城,男,第10屆第1會期：財政委員會;第10屆第2會期：財政委員會;第10屆第3會期：財政委員會;第10屆第4會期：財政委員會;第10屆第5會期：財政委員會;第10屆第6會期：財政委員會;第10屆第7會期：財政委員會;第10屆第8會期：財政委員會;,YuTien
立委13,吳玉琴,民進黨,不分區,不分區,嘉義,雲嘉,嘉義,雲嘉,政治大學社會學系,東海大學社會工作所碩士,講師,2020/2/1,2024/1/31,,女,第10屆第1會期：司法及法制委員會;第10屆第1會期：程序委員會;第10屆第2會期：程序委員會;第10屆第3會期：社會福利及衛生環境委員會;第10屆第3會期：程序委員會;第10屆第4會期：程序委員會;第10屆第4會期：社會福利及衛生環境委員會;第10屆第5會期：社會福利及衛生環境委員會;第10屆第5會期：程序委員會;第10屆第6會期：程序委員會;第10屆第6會期：社會福利及衛生環境委員會;第10屆第7會期：社會福利及衛生環境委員會;第10屆第7會期：程序委員會;第10屆第8會期：程序委員會;第10屆第8會期：社會福利及衛生環境委員會;,Wu Yu-Chin
立委10,吳怡玎,國民黨,不分區,不分區,臺北,基北桃,高雄,南高屏,台灣大學工商管理學系,英國倫敦帝國理工學院統計博士,企業高階主管,2020/2/1,2024/1/31,,女,第10屆第1會期：司法及法制委員會;第10屆第2會期：修憲委員會;第10屆第3會期：內政委員會;第10屆第3會期：修憲委員會;第10屆第4會期：內政委員會;第10屆第5會期：教育及文化委員會;第10屆第5會期：程序委員會;第10屆第6會期：程序委員會;第10屆第6會期：教育及文化委員會;第10屆第7會期：司法及法制委員會;第10屆第7會期：程序委員會;第10屆第8會期：程序委員會;第10屆第8會期：司法及法制委員會;,WuI-Ding
立委12,吳欣盈,民眾黨,不分區,不分區,臺北,基北桃,臺北,基北桃,衛斯理學院國際關係、美術史,科陶德藝術學院文學碩士,企業高階主管,2022/11/2,2024/1/31,,女,第10屆第6會期：程序委員會;第10屆第6會期：社會福利及衛生環境委員會;第10屆第7會期：社會福利及衛生環境委員會;第10屆第7會期：經費稽核委員會;第10屆第8會期：社會福利及衛生環境委員會;第10屆第8會期：經費稽核委員會;,WU HSIN-YING
立委16,吳秉叡,民進黨,新北,基北桃,新北,基北桃,臺北,基北桃,政治大學法律系法學組,政治大學法律研究所碩士,法官,2020/2/1,2024/1/31,連任,男,第10屆第1會期：財政委員會;第10屆第2會期：財政委員會;第10屆第2會期：紀律委員會;第10屆第3會期：財政委員會;第10屆第4會期：財政委員會;第10屆第5會期：財政委員會;第10屆第6會期：財政委員會;第10屆第7會期：財政委員會;第10屆第8會期：財政委員會;,WuPing-Jui
立委9,吳思瑤,民進黨,臺北,基北桃,臺北,基北桃,新北,基北桃,輔仁大學西語系、日語系,台灣大學政治學研究所碩士,,2020/2/1,2024/1/31,連任,女,第10屆第1會期：教育及文化委員會;第10屆第2會期：教育及文化委員會;第10屆第2會期：修憲委員會;第10屆第2會期：紀律委員會;第10屆第3會期：教育及文化委員會;第10屆第3會期：修憲委員會;第10屆第4會期：教育及文化委員會;第10屆第5會期：教育及文化委員會;第10屆第6會期：教育及文化委員會;第10屆第7會期：教育及文化委員會;第10屆第8會期：教育及文化委員會;,WuSzu-Yao
立委11,吳斯懷,國民黨,不分區,不分區,新北,基北桃,新北,基北桃,陸軍官校,國防大學戰爭學院,陸軍副司令,2020/2/1,2024/1/31,,男,第10屆第1會期：社會福利及衛生環境委員會;第10屆第2會期：社會福利及衛生環境委員會;第10屆第2會期：司法及法制委員會;第10屆第3會期：司法及法制委員會;第10屆第4會期：司法及法制委員會;第10屆第5會期：外交及國防委員會;第10屆第5會期：程序委員會;第10屆第6會期：程序委員會;第10屆第6會期：外交及國防委員會;第10屆第7會期：外交及國防委員會;第10屆第7會期：程序委員會;第10屆第8會期：程序委員會;第10屆第8會期：外交及國防委員會;,WuSz-Huai
立委14,吳琪銘,民進黨,新北,基北桃,新北,基北桃,雲林,雲嘉,德霖技術學院企業管理學系,世新大學企業管理學碩士,,2020/2/1,2024/1/31,連任,男,第10屆第1會期：內政委員會;第10屆第2會期：內政委員會;第10屆第3會期：內政委員會;第10屆第4會期：內政委員會;第10屆第5會期：內政委員會;第10屆第6會期：內政委員會;第10屆第7會期：司法及法制委員會;第10屆第8會期：司法及法制委員會;,Wu Chi-Ming
立委17,呂玉玲,國民黨,桃園,基北桃,桃園,基北桃,桃園,基北桃,創新技術學院企業管理系,中原大學商學院企業管理學系碩士,公務人員,2020/2/1,2024/1/31,連任,女,第10屆第1會期：外交及國防委員會;第10屆第1會期：紀律委員會;第10屆第2會期：外交及國防委員會;第10屆第2會期：紀律委員會;第10屆第3會期：經濟委員會;第10屆第4會期：經濟委員會;第10屆第5會期：經濟委員會;第10屆第6會期：經濟委員會;第10屆第7會期：經濟委員會;第10屆第8會期：經濟委員會;,Lu Yu-Ling
立委29,李昆澤,民進黨,高雄,南高屏,高雄,南高屏,高雄,南高屏,輔仁大學歷史系,國立中山大學政治學碩士,電器維修工,2020/2/1,2024/1/31,連任,男,第10屆第1會期：交通委員會;第10屆第1會期：紀律委員會;第10屆第2會期：交通委員會;第10屆第3會期：交通委員會;第10屆第4會期：交通委員會;第10屆第5會期：交通委員會;第10屆第6會期：交通委員會;第10屆第7會期：交通委員會;第10屆第8會期：交通委員會;,LeeKun-Tse
立委30,李貴敏,國民黨,不分區,不分區,臺北,基北桃,臺北,基北桃,國立政治大學法律學系學士,太平洋大學法學博士,教授,2020/2/1,2024/1/31,,女,第10屆第1會期：司法及法制委員會;第10屆第1會期：紀律委員會;第10屆第2會期：修憲委員會;第10屆第2會期：紀律委員會;第10屆第3會期：財政委員會;第10屆第3會期：經費稽核委員會;第10屆第3會期：修憲委員會;第10屆第4會期：經費稽核委員會;第10屆第4會期：財政委員會;第10屆第5會期：財政委員會;第10屆第6會期：財政委員會;第10屆第7會期：財政委員會;第10屆第8會期：財政委員會;,Lee Guei-Min
立委28,李德維,國民黨,不分區,不分區,臺北,基北桃,新北,基北桃,東吳大學歷史系,美國北愛荷華州立大學政治學碩士,講師,2020/2/1,2024/1/31,,男,第10屆第1會期：教育及文化委員會;第10屆第1會期：程序委員會;第10屆第2會期：程序委員會;第10屆第2會期：教育及文化委員會;第10屆第2會期：修憲委員會;第10屆第3會期：教育及文化委員會;第10屆第3會期：程序委員會;第10屆第4會期：程序委員會;第10屆第4會期：教育及文化委員會;第10屆第5會期：內政委員會;第10屆第5會期：程序委員會;第10屆第5會期：經費稽核委員會;第10屆第6會期：程序委員會;第10屆第6會期：經費稽核委員會;第10屆第6會期：內政委員會;第10屆第7會期：程序委員會;第10屆第7會期：內政委員會;第10屆第7會期：經費稽核委員會;第10屆第8會期：程序委員會;第10屆第8會期：內政委員會;第10屆第8會期：經費稽核委員會;,LeeDe-Wei
立委49,沈發惠,民進黨,不分區,不分區,新北,基北桃,新北,基北桃,東海大學法律系,台灣大學政治學研究所碩士,講師,2020/2/1,2024/1/31,連任,男,第10屆第1會期：內政委員會;第10屆第1會期：程序委員會;第10屆第2會期：程序委員會;第10屆第2會期：內政委員會;第10屆第2會期：紀律委員會;第10屆第3會期：財政委員會;第10屆第3會期：程序委員會;第10屆第4會期：程序委員會;第10屆第4會期：財政委員會;第10屆第5會期：財政委員會;第10屆第5會期：程序委員會;第10屆第5會期：紀律委員會;第10屆第6會期：程序委員會;第10屆第6會期：財政委員會;第10屆第7會期：程序委員會;第10屆第7會期：財政委員會;第10屆第8會期：程序委員會;第10屆第8會期：財政委員會;,ShenFa-Hui
立委18,周春米,民進黨,不分區,不分區,屏東,南高屏,屏東,南高屏,臺灣大學法律系法學組,臺灣大學法律系法學組,法官,2020/2/1,2022/12/25,辭職,女,第10屆第1會期：司法及法制委員會;第10屆第1會期：程序委員會;第10屆第1會期：紀律委員會;第10屆第2會期：程序委員會;第10屆第2會期：修憲委員會;第10屆第3會期：教育及文化委員會;第10屆第3會期：程序委員會;第10屆第3會期：修憲委員會;第10屆第4會期：程序委員會;第10屆第4會期：教育及文化委員會;第10屆第5會期：司法及法制委員會;第10屆第6會期：司法及法制委員會;,Chou Chun-Mi
立委37,林文瑞,國民黨,不分區,不分區,雲林,雲嘉,雲林,雲嘉,虎尾科技大學工業管理系,雲林科技大學環境與安全衛生研究所碩士,公務人員,2020/2/1,2024/1/31,,男,第10屆第1會期：內政委員會;第10屆第1會期：程序委員會;第10屆第1會期：經費稽核委員會;第10屆第2會期：內政委員會;第10屆第2會期：經費稽核委員會;第10屆第3會期：內政委員會;第10屆第4會期：內政委員會;第10屆第5會期：內政委員會;第10屆第6會期：內政委員會;第10屆第6會期：紀律委員會;第10屆第7會期：內政委員會;第10屆第8會期：內政委員會;,LinWen-Jui
立委33,林宜瑾,民進黨,臺南,南高屏,臺南,南高屏,臺南,南高屏,東吳大學社會學系,成功大學政治經濟學碩士,,2020/2/1,2024/1/31,連任,女,第10屆第1會期：教育及文化委員會;第10屆第2會期：教育及文化委員會;第10屆第3會期：教育及文化委員會;第10屆第4會期：教育及文化委員會;第10屆第5會期：教育及文化委員會;第10屆第6會期：教育及文化委員會;第10屆第7會期：教育及文化委員會;第10屆第8會期：教育及文化委員會;,Lin I-Chin
立委34,林岱樺,民進黨,高雄,南高屏,高雄,南高屏,高雄,南高屏,輔仁大學德文系,台北大學企管博士班,,2020/2/1,2024/1/31,連任,女,第10屆第1會期：經濟委員會;第10屆第2會期：經濟委員會;第10屆第3會期：經濟委員會;第10屆第4會期：經濟委員會;第10屆第5會期：經濟委員會;第10屆第6會期：經濟委員會;第10屆第7會期：經濟委員會;第10屆第8會期：經濟委員會;,Lin Tai-Hua
立委31,林俊憲,民進黨,臺南,南高屏,臺南,南高屏,臺南,南高屏,成功大學企業管理學系,臺灣大學國家發展研究所博士班,,2020/2/1,2024/1/31,連任,男,第10屆第1會期：交通委員會;第10屆第2會期：交通委員會;第10屆第3會期：交通委員會;第10屆第4會期：交通委員會;第10屆第5會期：交通委員會;第10屆第5會期：紀律委員會;第10屆第6會期：交通委員會;第10屆第7會期：交通委員會;第10屆第8會期：交通委員會;,Lin Chun-Hsien
立委32,林奕華,國民黨,不分區,不分區,臺北,基北桃,臺北,基北桃,臺灣大學政治學系學士公共行政組,賓州匹茲堡大學公共行政碩士,講師,2020/2/1,2023/2/3,辭職,女,第10屆第1會期：教育及文化委員會;第10屆第1會期：程序委員會;第10屆第2會期：程序委員會;第10屆第2會期：教育及文化委員會;第10屆第2會期：修憲委員會;第10屆第3會期：教育及文化委員會;第10屆第3會期：紀律委員會;第10屆第3會期：修憲委員會;第10屆第4會期：教育及文化委員會;第10屆第5會期：教育及文化委員會;第10屆第5會期：紀律委員會;第10屆第6會期：教育及文化委員會;,LinYi-Hua
立委36,林思銘,國民黨,新竹,竹苗,新竹,竹苗,新竹,竹苗,東吳大學法律學系,台灣大學PMLBA碩士班,律師,2020/2/1,2024/1/31,連任,男,第10屆第1會期：內政委員會;第10屆第2會期：內政委員會;第10屆第3會期：內政委員會;第10屆第3會期：紀律委員會;第10屆第4會期：內政委員會;第10屆第5會期：司法及法制委員會;第10屆第5會期：經費稽核委員會;第10屆第6會期：經費稽核委員會;第10屆第6會期：司法及法制委員會;第10屆第6會期：紀律委員會;第10屆第7會期：司法及法制委員會;第10屆第7會期：程序委員會;第10屆第8會期：程序委員會;第10屆第8會期：司法及法制委員會;,LinSzu-Ming
立委38,林昶佐,時代力量,臺北,基北桃,臺北,基北桃,臺北,基北桃,臺北大學企業管理學系,,主唱,2020/2/1,2024/1/31,吳沛憶,男,第10屆第1會期：外交及國防委員會;第10屆第2會期：外交及國防委員會;第10屆第2會期：修憲委員會;第10屆第3會期：外交及國防委員會;第10屆第3會期：修憲委員會;第10屆第4會期：外交及國防委員會;第10屆第5會期：外交及國防委員會;第10屆第6會期：外交及國防委員會;第10屆第7會期：外交及國防委員會;第10屆第8會期：外交及國防委員會;,LimTshiong-Tso
立委41,林為洲,國民黨,新竹,竹苗,新竹,竹苗,新竹,竹苗,中央大學中國文學系,,,2020/2/1,2024/1/31,徐欣瑩,男,第10屆第1會期：司法及法制委員會;第10屆第1會期：程序委員會;第10屆第2會期：程序委員會;第10屆第2會期：修憲委員會;第10屆第3會期：內政委員會;第10屆第3會期：修憲委員會;第10屆第4會期：內政委員會;第10屆第5會期：社會福利及衛生環境委員會;第10屆第5會期：紀律委員會;第10屆第6會期：社會福利及衛生環境委員會;第10屆第7會期：社會福利及衛生環境委員會;第10屆第8會期：社會福利及衛生環境委員會;,Lin Wei-Chou
立委40,林淑芬,民進黨,新北,基北桃,新北,基北桃,彰化,中彰投,中興大學法商學院社會學系,世新大學社會發展研究所,,2020/2/1,2024/1/31,連任,女,第10屆第1會期：社會福利及衛生環境委員會;第10屆第2會期：社會福利及衛生環境委員會;第10屆第3會期：外交及國防委員會;第10屆第4會期：外交及國防委員會;第10屆第5會期：外交及國防委員會;第10屆第6會期：外交及國防委員會;第10屆第7會期：司法及法制委員會;第10屆第8會期：司法及法制委員會;,Lin Shu-Fen
立委39,林楚茵,民進黨,不分區,不分區,新北,基北桃,新北,基北桃,東吳大學政治系,,節目主持人,2020/2/1,2024/1/31,連任,女,第10屆第1會期：財政委員會;第10屆第1會期：程序委員會;第10屆第2會期：程序委員會;第10屆第2會期：財政委員會;第10屆第3會期：財政委員會;第10屆第3會期：程序委員會;第10屆第3會期：經費稽核委員會;第10屆第4會期：經費稽核委員會;第10屆第4會期：程序委員會;第10屆第4會期：財政委員會;第10屆第5會期：財政委員會;第10屆第5會期：程序委員會;第10屆第6會期：程序委員會;第10屆第6會期：財政委員會;第10屆第7會期：程序委員會;第10屆第7會期：財政委員會;第10屆第8會期：程序委員會;第10屆第8會期：財政委員會;,LinChu-Yin
立委35,林德福,國民黨,新北,基北桃,新北,基北桃,新北,基北桃,,,,2022/1/17,2024/1/31,連任,男,第10屆第4會期：外交及國防委員會;第10屆第5會期：外交及國防委員會;第10屆第6會期：外交及國防委員會;第10屆第7會期：外交及國防委員會;第10屆第8會期：外交及國防委員會;,LinDe-Fu
立委43,林靜儀,民進黨,臺中,中彰投,臺中,中彰投,臺中,中彰投,中山醫學大學醫學系,中山醫學大學醫學研究所博士,醫師,2020/2/1,2024/1/31,顏寬恆,女,第10屆第1會期：經濟委員會;第10屆第2會期：經濟委員會;第10屆第2會期：交通委員會;第10屆第3會期：交通委員會;第10屆第3會期：紀律委員會;第10屆第4會期：交通委員會;第10屆第5會期：外交及國防委員會;第10屆第6會期：外交及國防委員會;第10屆第7會期：外交及國防委員會;第10屆第8會期：外交及國防委員會;,Ching-Yi Lin
立委89,邱臣遠,民眾黨,不分區,不分區,新北,基北桃,新北,基北桃,景文科技大學企業管理學系,銘傳大學國際企業學系碩士,臺商,2020/2/1,2024/1/31,,男,第10屆第1會期：經濟委員會;第10屆第2會期：經濟委員會;第10屆第2會期：修憲委員會;第10屆第3會期：經濟委員會;第10屆第3會期：修憲委員會;第10屆第4會期：經濟委員會;第10屆第5會期：經濟委員會;第10屆第5會期：紀律委員會;第10屆第5會期：經費稽核委員會;第10屆第6會期：經費稽核委員會;第10屆第6會期：經濟委員會;第10屆第7會期：經濟委員會;第10屆第7會期：經費稽核委員會;第10屆第8會期：經濟委員會;第10屆第8會期：經費稽核委員會;,ChiuChen-Yuan
立委87,邱志偉,民進黨,高雄,南高屏,高雄,南高屏,高雄,南高屏,淡江大學俄語系,國立中山大學大陸研究所博士,教授,2020/2/1,2024/1/31,連任,男,第10屆第1會期：社會福利及衛生環境委員會;第10屆第1會期：程序委員會;第10屆第1會期：紀律委員會;第10屆第2會期：程序委員會;第10屆第2會期：社會福利及衛生環境委員會;第10屆第3會期：社會福利及衛生環境委員會;第10屆第3會期：程序委員會;第10屆第4會期：程序委員會;第10屆第4會期：社會福利及衛生環境委員會;第10屆第5會期：社會福利及衛生環境委員會;第10屆第5會期：程序委員會;第10屆第6會期：程序委員會;第10屆第6會期：社會福利及衛生環境委員會;第10屆第6會期：紀律委員會;第10屆第7會期：社會福利及衛生環境委員會;第10屆第7會期：程序委員會;第10屆第8會期：程序委員會;第10屆第8會期：社會福利及衛生環境委員會;,Chiu Chih-Wei
立委88,邱泰源,民進黨,不分區,不分區,嘉義,雲嘉,嘉義,雲嘉,中國醫藥學院醫學系,東京大學醫學研究所碩士,教授,2020/2/1,2024/1/31,,男,第10屆第1會期：經濟委員會;第10屆第1會期：紀律委員會;第10屆第2會期：經濟委員會;第10屆第3會期：經濟委員會;第10屆第4會期：經濟委員會;第10屆第5會期：經濟委員會;第10屆第6會期：經濟委員會;第10屆第7會期：經濟委員會;第10屆第8會期：經濟委員會;,Chiu Tai-Yuan
立委90,邱議瑩,民進黨,高雄,南高屏,高雄,南高屏,屏東,南高屏,羅倫馬賓商業學院,加利福尼亞多明尼克大學碩士,,2020/2/1,2024/1/31,連任,女,第10屆第1會期：交通委員會;第10屆第2會期：修憲委員會;第10屆第3會期：內政委員會;第10屆第3會期：程序委員會;第10屆第3會期：修憲委員會;第10屆第4會期：程序委員會;第10屆第4會期：內政委員會;第10屆第5會期：經濟委員會;第10屆第5會期：程序委員會;第10屆第6會期：程序委員會;第10屆第6會期：經濟委員會;第10屆第7會期：程序委員會;第10屆第7會期：交通委員會;第10屆第8會期：交通委員會;,Chiu Yi-Ying
立委91,邱顯智,時代力量,不分區,不分區,新竹,竹苗,嘉義,雲嘉,臺北大學法律系,德國海德堡大學法學博士,律師,2020/2/1,2024/1/31,,男,第10屆第1會期：司法及法制委員會;第10屆第2會期：司法及法制委員會;第10屆第3會期：司法及法制委員會;第10屆第4會期：司法及法制委員會;第10屆第5會期：司法及法制委員會;第10屆第6會期：司法及法制委員會;第10屆第7會期：司法及法制委員會;第10屆第8會期：司法及法制委員會;,ChiuHsien-Chih
立委44,柯建銘,民進黨,不分區,不分區,新竹,竹苗,新竹,竹苗,中山醫學院牙醫學系,中山醫學院牙醫學系,醫師,2020/2/1,2024/1/31,連任,男,第10屆第1會期：社會福利及衛生環境委員會;第10屆第1會期：程序委員會;第10屆第2會期：程序委員會;第10屆第2會期：社會福利及衛生環境委員會;第10屆第3會期：社會福利及衛生環境委員會;第10屆第3會期：程序委員會;第10屆第4會期：程序委員會;第10屆第4會期：社會福利及衛生環境委員會;第10屆第5會期：社會福利及衛生環境委員會;第10屆第5會期：程序委員會;第10屆第6會期：程序委員會;第10屆第6會期：社會福利及衛生環境委員會;第10屆第7會期：社會福利及衛生環境委員會;第10屆第7會期：程序委員會;第10屆第8會期：程序委員會;第10屆第8會期：社會福利及衛生環境委員會;,KerChien-Ming
立委51,洪申翰,民進黨,不分區,不分區,臺北,基北桃,臺北,基北桃,台灣大學大氣科學系,,,2020/2/1,2024/1/31,連任,男,第10屆第1會期：交通委員會;第10屆第2會期：交通委員會;第10屆第3會期：交通委員會;第10屆第4會期：交通委員會;第10屆第5會期：交通委員會;第10屆第5會期：紀律委員會;第10屆第6會期：交通委員會;第10屆第7會期：交通委員會;第10屆第8會期：交通委員會;,HUNGSUN-HAN
立委50,洪孟楷,國民黨,新北,基北桃,新北,基北桃,臺北,基北桃,元智大學企業管理學系,美國南加州大學國際公共政策及管理碩士,,2020/2/1,2024/1/31,連任,男,第10屆第1會期：教育及文化委員會;第10屆第1會期：程序委員會;第10屆第1會期：經費稽核委員會;第10屆第2會期：程序委員會;第10屆第2會期：教育及文化委員會;第10屆第2會期：修憲委員會;第10屆第2會期：經費稽核委員會;第10屆第3會期：教育及文化委員會;第10屆第3會期：程序委員會;第10屆第3會期：修憲委員會;第10屆第4會期：程序委員會;第10屆第4會期：教育及文化委員會;第10屆第5會期：教育及文化委員會;第10屆第5會期：程序委員會;第10屆第6會期：程序委員會;第10屆第6會期：教育及文化委員會;第10屆第7會期：程序委員會;第10屆第7會期：教育及文化委員會;第10屆第8會期：程序委員會;第10屆第8會期：教育及文化委員會;,HungMong-Kai
立委64,范雲,民進黨,不分區,不分區,臺北,基北桃,新北,基北桃,臺灣大學社會學系,耶魯大學社會學博士,教授,2020/2/1,2024/1/31,連任,女,第10屆第1會期：社會福利及衛生環境委員會;第10屆第2會期：社會福利及衛生環境委員會;第10屆第3會期：社會福利及衛生環境委員會;第10屆第4會期：社會福利及衛生環境委員會;第10屆第5會期：社會福利及衛生環境委員會;第10屆第6會期：社會福利及衛生環境委員會;第10屆第7會期：社會福利及衛生環境委員會;第10屆第8會期：社會福利及衛生環境委員會;,Fan Yun
立委26,徐志榮,國民黨,苗栗,竹苗,苗栗,竹苗,苗栗,竹苗,,,,2020/2/1,2024/1/31,邱鎮軍,男,第10屆第1會期：經濟委員會;第10屆第1會期：經費稽核委員會;第10屆第2會期：經濟委員會;第10屆第2會期：經費稽核委員會;第10屆第2會期：司法及法制委員會;第10屆第3會期：司法及法制委員會;第10屆第3會期：經費稽核委員會;第10屆第4會期：司法及法制委員會;第10屆第4會期：經費稽核委員會;第10屆第5會期：內政委員會;第10屆第5會期：經費稽核委員會;第10屆第6會期：經費稽核委員會;第10屆第6會期：內政委員會;第10屆第7會期：經濟委員會;第10屆第8會期：經濟委員會;,Hsu Chih-Jung
立委63,翁重鈞,國民黨,不分區,不分區,嘉義,雲嘉,臺南,南高屏,中國文化大學新聞系,臺灣大學會計學研究所,講師,2020/2/1,2024/1/31,,男,第10屆第1會期：外交及國防委員會;第10屆第2會期：外交及國防委員會;第10屆第3會期：外交及國防委員會;第10屆第4會期：外交及國防委員會;第10屆第5會期：外交及國防委員會;第10屆第6會期：外交及國防委員會;第10屆第6會期：紀律委員會;第10屆第7會期：外交及國防委員會;第10屆第8會期：外交及國防委員會;,Wong Chung-Chun
立委114,馬文君,國民黨,南投,中彰投,南投,中彰投,南投,中彰投,嘉南藥學專科學校藥理科,逢甲大學經營管理碩士,,2020/2/1,2024/1/31,連任,女,第10屆第1會期：教育及文化委員會;第10屆第1會期：紀律委員會;第10屆第2會期：教育及文化委員會;第10屆第3會期：教育及文化委員會;第10屆第4會期：教育及文化委員會;第10屆第5會期：教育及文化委員會;第10屆第6會期：教育及文化委員會;第10屆第7會期：教育及文化委員會;第10屆第8會期：教育及文化委員會;,MaWen-Chun
立委117,高金素梅,國民黨,原住民,原住民,臺中,中彰投,臺中,中彰投,中央民族大學民族學系,中央民族大學民族學系,演員,2020/2/1,2024/1/31,連任,女,第10屆第1會期：教育及文化委員會;第10屆第1會期：程序委員會;第10屆第2會期：程序委員會;第10屆第2會期：教育及文化委員會;第10屆第3會期：教育及文化委員會;第10屆第4會期：教育及文化委員會;第10屆第5會期：經濟委員會;第10屆第5會期：經費稽核委員會;第10屆第6會期：經費稽核委員會;第10屆第6會期：經濟委員會;,Kao Chin Su-Mei
立委116,高虹安,民眾黨,不分區,不分區,新竹,竹苗,臺北,基北桃,臺灣師範大學 資訊教育學系,辛辛那提大學機械工程博士,企業高階主管,2020/2/1,2022/12/25,辭職,女,第10屆第1會期：財政委員會;第10屆第2會期：財政委員會;第10屆第3會期：財政委員會;第10屆第4會期：財政委員會;第10屆第5會期：財政委員會;第10屆第6會期：財政委員會;第10屆第7會期：財政委員會;第10屆第8會期：財政委員會;,KaoHung-An
立委115,高嘉瑜,民進黨,臺北,基北桃,臺北,基北桃,基隆,基北桃,臺灣大學法律系,臺灣大學國家發展研究所碩士,,2020/2/1,2024/1/31,李彥秀,女,第10屆第1會期：內政委員會;第10屆第2會期：內政委員會;第10屆第2會期：修憲委員會;第10屆第3會期：內政委員會;第10屆第3會期：修憲委員會;第10屆第4會期：內政委員會;第10屆第5會期：內政委員會;第10屆第5會期：紀律委員會;第10屆第6會期：內政委員會;第10屆第7會期：內政委員會;第10屆第8會期：內政委員會;,Kao Chia-Yu
立委23,張宏陸,民進黨,新北,基北桃,新北,基北桃,臺中,中彰投,東吳大學政治學系,臺北教育大學教育學碩士,,2020/2/1,2024/1/31,連任,男,第10屆第1會期：社會福利及衛生環境委員會;第10屆第2會期：社會福利及衛生環境委員會;第10屆第3會期：社會福利及衛生環境委員會;第10屆第4會期：社會福利及衛生環境委員會;第10屆第5會期：社會福利及衛生環境委員會;第10屆第5會期：程序委員會;第10屆第6會期：程序委員會;第10屆第6會期：社會福利及衛生環境委員會;第10屆第6會期：紀律委員會;第10屆第7會期：社會福利及衛生環境委員會;第10屆第8會期：社會福利及衛生環境委員會;,Chang Hung-Lu
立委25,張育美,國民黨,不分區,不分區,桃園,基北桃,新竹,竹苗,高雄醫學大學藥學系,北京清華大學金融博士,企業高階主管,2020/2/1,2024/1/31,,女,第10屆第1會期：內政委員會;第10屆第2會期：內政委員會;第10屆第2會期：修憲委員會;第10屆第3會期：財政委員會;第10屆第3會期：修憲委員會;第10屆第4會期：財政委員會;第10屆第5會期：財政委員會;第10屆第6會期：財政委員會;第10屆第7會期：教育及文化委員會;第10屆第8會期：教育及文化委員會;,Hsu ChangYu-Mei
立委22,張其祿,民眾黨,不分區,不分區,高雄,南高屏,桃園,基北桃,國立中興大學法商學院公共行政系,南加州大學公共行政學博士,教授,2020/2/1,2024/1/31,,男,第10屆第1會期：教育及文化委員會;第10屆第2會期：教育及文化委員會;第10屆第3會期：教育及文化委員會;第10屆第3會期：紀律委員會;第10屆第4會期：教育及文化委員會;第10屆第5會期：教育及文化委員會;第10屆第6會期：教育及文化委員會;第10屆第7會期：教育及文化委員會;第10屆第8會期：教育及文化委員會;,JangChyi-Lu
立委24,張廖萬堅,民進黨,臺中,中彰投,臺中,中彰投,臺中,中彰投,輔仁大學大眾傳播學系,東海大學EMBA高階經營管理碩士班,報社計者,2020/2/1,2024/1/31,,男,第10屆第1會期：財政委員會;第10屆第1會期：程序委員會;第10屆第1會期：紀律委員會;第10屆第2會期：程序委員會;第10屆第2會期：財政委員會;第10屆第2會期：修憲委員會;第10屆第3會期：內政委員會;第10屆第3會期：紀律委員會;第10屆第3會期：修憲委員會;第10屆第4會期：內政委員會;第10屆第5會期：內政委員會;第10屆第6會期：內政委員會;第10屆第7會期：程序委員會;第10屆第7會期：內政委員會;第10屆第8會期：程序委員會;第10屆第8會期：內政委員會;,Chang Liao Wan-Chien
立委65,莊瑞雄,民進黨,不分區,不分區,臺北,基北桃,屏東,南高屏,臺灣大學法律學系,臺灣大學生物產業傳播暨發展學系博士,律師,2020/2/1,2024/1/31,連任,男,第10屆第1會期：社會福利及衛生環境委員會;第10屆第2會期：社會福利及衛生環境委員會;第10屆第3會期：社會福利及衛生環境委員會;第10屆第4會期：社會福利及衛生環境委員會;第10屆第5會期：社會福利及衛生環境委員會;第10屆第6會期：社會福利及衛生環境委員會;第10屆第7會期：社會福利及衛生環境委員會;第10屆第8會期：社會福利及衛生環境委員會;,Chuang Jui-Hsiung
立委66,莊競程,民進黨,臺中,中彰投,臺中,中彰投,臺中,中彰投,中原大學生物醫學工程學系學士,台灣大學醫學工程學系博士,教授,2020/2/1,2024/1/31,"	黃健豪",男,第10屆第1會期：交通委員會;第10屆第2會期：交通委員會;第10屆第3會期：交通委員會;第10屆第4會期：交通委員會;第10屆第5會期：交通委員會;第10屆第6會期：交通委員會;,ChuangChing-Cheng
立委77,許淑華,國民黨,南投,中彰投,南投,中彰投,南投,中彰投,南開技術學院工業管理系,逢甲大學經營管理碩士在職專班,,2020/2/1,2022/12/25,辭職,女,第10屆第1會期：交通委員會;第10屆第2會期：司法及法制委員會;第10屆第3會期：司法及法制委員會;第10屆第4會期：司法及法制委員會;第10屆第5會期：交通委員會;第10屆第6會期：交通委員會;第10屆第7會期：交通委員會;第10屆第8會期：交通委員會;,Hsu Shu-Hua
立委76,許智傑,民進黨,高雄,南高屏,高雄,南高屏,高雄,南高屏,臺灣大學機械學系,高雄師範大學科學教育研究所博士,教授,2020/2/1,2024/1/31,連任,男,第10屆第1會期：財政委員會;第10屆第2會期：財政委員會;第10屆第2會期：修憲委員會;第10屆第3會期：財政委員會;第10屆第3會期：紀律委員會;第10屆第3會期：修憲委員會;第10屆第4會期：財政委員會;第10屆第5會期：財政委員會;第10屆第5會期：程序委員會;第10屆第6會期：程序委員會;第10屆第6會期：財政委員會;第10屆第7會期：財政委員會;第10屆第8會期：財政委員會;,Hsu Chih-Chieh
立委92,郭國文,民進黨,臺南,南高屏,臺南,南高屏,臺南,南高屏,淡水工商管理專科學校企業管理科,成功大學政治經濟研究所博士,教授,2020/2/1,2024/1/31,連任,男,第10屆第1會期：外交及國防委員會;第10屆第1會期：程序委員會;第10屆第2會期：程序委員會;第10屆第2會期：外交及國防委員會;第10屆第3會期：外交及國防委員會;第10屆第3會期：程序委員會;第10屆第4會期：程序委員會;第10屆第4會期：外交及國防委員會;第10屆第5會期：司法及法制委員會;第10屆第5會期：紀律委員會;第10屆第6會期：司法及法制委員會;第10屆第7會期：外交及國防委員會;第10屆第8會期：外交及國防委員會;,Kuo Kuo-Wen
立委99,陳以信,國民黨,不分區,不分區,臺北,基北桃,臺北,基北桃,臺灣大學政治系國際關係組,倫敦大學亞非學院經濟學博士,研究員,2020/2/1,2024/1/31,,男,第10屆第1會期：內政委員會;第10屆第1會期：紀律委員會;第10屆第1會期：經費稽核委員會;第10屆第2會期：內政委員會;第10屆第2會期：程序委員會;第10屆第2會期：修憲委員會;第10屆第2會期：經費稽核委員會;第10屆第3會期：社會福利及衛生環境委員會;第10屆第3會期：程序委員會;第10屆第3會期：紀律委員會;第10屆第3會期：修憲委員會;第10屆第4會期：程序委員會;第10屆第4會期：社會福利及衛生環境委員會;第10屆第5會期：司法及法制委員會;第10屆第6會期：司法及法制委員會;第10屆第7會期：內政委員會;第10屆第8會期：內政委員會;,Chen I-Hsin
立委106,陳玉珍,國民黨,金門,離島,金門,離島,金門,離島,臺灣大學中文系,北京大學國際經濟法碩士,講師,2020/2/1,2024/1/31,連任,女,第10屆第1會期：教育及文化委員會;第10屆第1會期：經費稽核委員會;第10屆第2會期：教育及文化委員會;第10屆第2會期：經費稽核委員會;第10屆第3會期：教育及文化委員會;第10屆第4會期：教育及文化委員會;第10屆第5會期：教育及文化委員會;第10屆第5會期：經費稽核委員會;第10屆第6會期：經費稽核委員會;第10屆第6會期：教育及文化委員會;第10屆第6會期：紀律委員會;第10屆第7會期：教育及文化委員會;第10屆第7會期：經費稽核委員會;第10屆第8會期：教育及文化委員會;第10屆第8會期：經費稽核委員會;,ChenYu-Jen
立委109,陳秀?,民進黨,彰化,中彰投,彰化,中彰投,彰化,中彰投,建國工商專科學校,,,2020/2/1,2024/1/31,連任,女,第10屆第1會期：經濟委員會;第10屆第2會期：經濟委員會;第10屆第2會期：交通委員會;第10屆第3會期：交通委員會;第10屆第3會期：經費稽核委員會;第10屆第4會期：經費稽核委員會;第10屆第4會期：交通委員會;第10屆第5會期：經濟委員會;第10屆第6會期：經濟委員會;第10屆第7會期：經濟委員會;第10屆第8會期：經濟委員會;,Chen Hsiu-Pao
立委102,陳明文,民進黨,嘉義,雲嘉,嘉義,雲嘉,嘉義,雲嘉,東海大學哲學系,東海大學哲學系,,2020/2/1,2024/1/31,陳冠廷,男,第10屆第1會期：經濟委員會;第10屆第2會期：經濟委員會;第10屆第2會期：修憲委員會;第10屆第3會期：經濟委員會;第10屆第3會期：紀律委員會;第10屆第3會期：修憲委員會;第10屆第4會期：經濟委員會;第10屆第5會期：經濟委員會;第10屆第6會期：經濟委員會;第10屆第7會期：經濟委員會;第10屆第8會期：經濟委員會;,Chen Ming-Wen
立委98,陳亭妃,民進黨,臺南,南高屏,臺南,南高屏,臺南,南高屏,中國文化大學戲劇系,長榮大學經營管理研究所博士,電視台主播,2020/2/1,2024/1/31,連任,女,第10屆第1會期：外交及國防委員會;第10屆第2會期：外交及國防委員會;第10屆第2會期：修憲委員會;第10屆第3會期：外交及國防委員會;第10屆第3會期：修憲委員會;第10屆第4會期：外交及國防委員會;,Chen Ting-Fei
立委103,陳柏惟,基進黨,臺中,中彰投,高雄,南高屏,高雄,南高屏,高雄大學資訊管理學系,高雄大學資訊管理學系,電影製片,2020/2/1,2021/10/28,罷免,男,第10屆第1會期：交通委員會;第10屆第2會期：交通委員會;第10屆第3會期：交通委員會;第10屆第3會期：紀律委員會;第10屆第4會期：交通委員會;第10屆第5會期：交通委員會;第10屆第6會期：交通委員會;第10屆第7會期：交通委員會;第10屆第8會期：交通委員會;,Chen Po-Wei
立委110,陳素月,民進黨,彰化,中彰投,彰化,中彰投,南投,中彰投,文化大學史學系,文化大學史學研究所碩士,講師,2020/2/1,2024/1/31,連任,女,第10屆第7會期：程序委員會;第10屆第7會期：教育及文化委員會;第10屆第8會期：程序委員會;第10屆第8會期：教育及文化委員會;,ChenSu-Yueh
立委100,陳培瑜,民進黨,不分區,不分區,臺北,基北桃,新北,基北桃,輔仁大學中文系,東華大學教育研究所碩士,作家,2023/2/6,2024/1/31,連任,女,第10屆第1會期：交通委員會;第10屆第1會期：紀律委員會;第10屆第2會期：交通委員會;第10屆第3會期：交通委員會;第10屆第4會期：交通委員會;第10屆第5會期：交通委員會;第10屆第6會期：交通委員會;第10屆第7會期：交通委員會;第10屆第8會期：交通委員會;,CHEN PEI-YU
立委112,陳雪生,國民黨,連江,離島,連江,離島,臺中,中彰投,,,,2020/2/1,2024/1/31,連任,男,第10屆第1會期：財政委員會;第10屆第1會期：程序委員會;第10屆第2會期：程序委員會;第10屆第2會期：財政委員會;第10屆第2會期：司法及法制委員會;第10屆第3會期：司法及法制委員會;第10屆第3會期：經費稽核委員會;第10屆第4會期：司法及法制委員會;第10屆第4會期：經費稽核委員會;第10屆第5會期：交通委員會;第10屆第5會期：經費稽核委員會;第10屆第6會期：經費稽核委員會;第10屆第6會期：交通委員會;第10屆第7會期：交通委員會;第10屆第7會期：經費稽核委員會;第10屆第8會期：程序委員會;第10屆第8會期：交通委員會;第10屆第8會期：經費稽核委員會;,Chen Hsueh-Sheng
立委104,陳椒華,時代力量,不分區,不分區,臺南,南高屏,新北,基北桃,高雄醫學院藥學系,清華大學輻射生物研究所碩士,教授,2020/2/1,2024/1/31,,女,第10屆第6會期：經濟委員會;第10屆第7會期：程序委員會;第10屆第7會期：內政委員會;第10屆第8會期：程序委員會;第10屆第8會期：內政委員會;,Chen Jiau-Hua
立委107,陳琬惠,民眾黨,不分區,不分區,宜蘭,宜花東,臺南,南高屏,未公開,政治大學經營管理碩士,計劃主持人,2022/12/28,2024/1/31,,女,第10屆第1會期：經濟委員會;第10屆第2會期：經濟委員會;第10屆第3會期：經濟委員會;第10屆第4會期：經濟委員會;第10屆第5會期：經濟委員會;第10屆第6會期：經濟委員會;第10屆第7會期：經濟委員會;第10屆第8會期：經濟委員會;,Chen Wan Hui
立委111,陳超明,國民黨,苗栗,竹苗,苗栗,竹苗,苗栗,竹苗,政治大學公共行政學系,政治大學公共行政學系,政治大學公共行政系,2020/2/1,2024/1/31,連任,男,第10屆第1會期：交通委員會;第10屆第2會期：交通委員會;第10屆第2會期：紀律委員會;第10屆第3會期：交通委員會;第10屆第4會期：交通委員會;第10屆第5會期：司法及法制委員會;第10屆第6會期：司法及法制委員會;第10屆第6會期：紀律委員會;第10屆第7會期：交通委員會;第10屆第8會期：交通委員會;,ChenChao-Ming
立委105,陳歐珀,民進黨,宜蘭,宜花東,宜蘭,宜花東,宜蘭,宜花東,中興大學森林學系,台灣大學環工所博士,公務人員,2020/2/1,2024/1/31,陳俊宇,男,第10屆第1會期：社會福利及衛生環境委員會;第10屆第2會期：社會福利及衛生環境委員會;第10屆第2會期：紀律委員會;第10屆第3會期：社會福利及衛生環境委員會;第10屆第3會期：紀律委員會;第10屆第4會期：社會福利及衛生環境委員會;第10屆第5會期：社會福利及衛生環境委員會;第10屆第6會期：社會福利及衛生環境委員會;第10屆第7會期：社會福利及衛生環境委員會;第10屆第8會期：社會福利及衛生環境委員會;,Chen Ou-Po
立委108,陳瑩,民進黨,原住民,原住民,臺東,宜花東,高雄,南高屏,舊金山音樂學院鋼琴演奏,伊利諾大學香檳校園音樂系碩士,,2020/2/1,2024/1/31,連任,女,第10屆第6會期：司法及法制委員會;第10屆第7會期：程序委員會;第10屆第7會期：教育及文化委員會;第10屆第8會期：程序委員會;第10屆第8會期：教育及文化委員會;,Chen Ying
立委113,陳靜敏,民進黨,不分區,不分區,臺南,南高屏,臺北,基北桃,伊利諾大學芝加哥分校護理學,印第安納大學健康政策與社區健康博士,教授,2022/12/28,2024/1/31,,女,第10屆第1會期：交通委員會;第10屆第4會期：交通委員會;第10屆第5會期：交通委員會;第10屆第6會期：交通委員會;第10屆第7會期：交通委員會;第10屆第8會期：交通委員會;,Ching-Min Chen
立委5,傅?萁,國民黨,花蓮,宜花東,花蓮,宜花東,花蓮,宜花東,淡江大學交通管理學系,廣州暨南大學國際關係博士,,2020/2/1,2024/1/31,連任,男,第10屆第1會期：財政委員會;第10屆第1會期：程序委員會;第10屆第2會期：程序委員會;第10屆第2會期：財政委員會;第10屆第2會期：修憲委員會;第10屆第3會期：財政委員會;第10屆第3會期：程序委員會;第10屆第3會期：紀律委員會;第10屆第3會期：修憲委員會;第10屆第4會期：程序委員會;第10屆第4會期：財政委員會;第10屆第5會期：司法及法制委員會;第10屆第5會期：程序委員會;第10屆第6會期：程序委員會;第10屆第6會期：司法及法制委員會;第10屆第7會期：司法及法制委員會;第10屆第7會期：程序委員會;第10屆第7會期：經費稽核委員會;第10屆第8會期：程序委員會;第10屆第8會期：司法及法制委員會;第10屆第8會期：經費稽核委員會;,Fu Kun-Chi
立委27,曾銘宗,國民黨,不分區,不分區,臺北,基北桃,嘉義,雲嘉,中興大學法商學院財稅學系,臺北大學企業管理研究所博士,企業高階主管,2020/2/1,2024/1/31,,男,第10屆第1會期：內政委員會;第10屆第2會期：內政委員會;第10屆第2會期：司法及法制委員會;第10屆第3會期：司法及法制委員會;第10屆第3會期：紀律委員會;第10屆第4會期：司法及法制委員會;第10屆第5會期：司法及法制委員會;第10屆第5會期：程序委員會;第10屆第6會期：程序委員會;第10屆第6會期：司法及法制委員會;第10屆第7會期：內政委員會;第10屆第8會期：內政委員會;,TsengMing-Chung
立委52,游毓蘭,國民黨,不分區,不分區,臺北,基北桃,臺北,基北桃,中央警官學校公共安全學系,伊利諾大學公共政策分析博士,教授,2020/2/1,2024/1/31,,女,第10屆第1會期：外交及國防委員會;第10屆第2會期：外交及國防委員會;第10屆第3會期：外交及國防委員會;第10屆第4會期：外交及國防委員會;第10屆第5會期：司法及法制委員會;第10屆第6會期：司法及法制委員會;第10屆第7會期：內政委員會;第10屆第8會期：內政委員會;,YuYu-Lan
立委53,湯蕙禎,民進黨,不分區,不分區,桃園,基北桃,臺北,基北桃,臺灣大學法律系,臺灣大學法律系,公務人員,2020/2/1,2024/1/31,,女,第10屆第1會期：內政委員會;第10屆第2會期：內政委員會;第10屆第3會期：內政委員會;第10屆第3會期：程序委員會;第10屆第4會期：程序委員會;第10屆第4會期：內政委員會;第10屆第5會期：內政委員會;第10屆第5會期：程序委員會;第10屆第6會期：程序委員會;第10屆第6會期：內政委員會;第10屆第7會期：司法及法制委員會;第10屆第7會期：程序委員會;第10屆第7會期：經費稽核委員會;第10屆第8會期：程序委員會;第10屆第8會期：司法及法制委員會;第10屆第8會期：經費稽核委員會;,TangHui-Jane
立委79,費鴻泰,國民黨,臺北,基北桃,臺北,基北桃,臺北,基北桃,中興大學統計學系,肯塔基大學統計學博士,教授,2020/2/1,2024/1/31,徐巧芯,男,第10屆第1會期：財政委員會;第10屆第2會期：財政委員會;第10屆第2會期：修憲委員會;第10屆第2會期：司法及法制委員會;第10屆第3會期：司法及法制委員會;第10屆第3會期：程序委員會;第10屆第3會期：修憲委員會;第10屆第4會期：司法及法制委員會;第10屆第4會期：程序委員會;第10屆第5會期：財政委員會;第10屆第6會期：財政委員會;第10屆第6會期：紀律委員會;第10屆第7會期：財政委員會;第10屆第8會期：財政委員會;,Fai Hrong-Tai
立委119,黃世杰,民進黨,桃園,基北桃,桃園,基北桃,臺北,基北桃,臺灣大學法律、社會學系,哥倫比亞大學法學碩士,律師,2020/2/1,2024/1/31,涂權吉,男,第10屆第1會期：內政委員會;第10屆第2會期：內政委員會;第10屆第2會期：修憲委員會;第10屆第2會期：司法及法制委員會;第10屆第3會期：司法及法制委員會;第10屆第3會期：紀律委員會;第10屆第3會期：修憲委員會;第10屆第4會期：司法及法制委員會;第10屆第5會期：司法及法制委員會;第10屆第5會期：紀律委員會;第10屆第6會期：司法及法制委員會;第10屆第7會期：內政委員會;第10屆第8會期：內政委員會;,HuangShih-Chieh
立委121,黃秀芳,民進黨,彰化,中彰投,彰化,中彰投,彰化,中彰投,靜宜大學外文系,靜宜大學外文系,業務助理,2020/2/1,2024/1/31,連任,女,第10屆第1會期：社會福利及衛生環境委員會;第10屆第2會期：社會福利及衛生環境委員會;第10屆第3會期：社會福利及衛生環境委員會;第10屆第4會期：社會福利及衛生環境委員會;第10屆第5會期：社會福利及衛生環境委員會;第10屆第6會期：社會福利及衛生環境委員會;第10屆第7會期：社會福利及衛生環境委員會;第10屆第8會期：社會福利及衛生環境委員會;,Huang Shiou-Fang
立委120,黃國書,民進黨,臺中,中彰投,臺中,中彰投,臺中,中彰投,臺北藝術大學,中興大學國際政治研究所碩士,,2020/2/1,2024/1/31,羅廷瑋,男,第10屆第1會期：教育及文化委員會;第10屆第1會期：紀律委員會;第10屆第2會期：教育及文化委員會;第10屆第3會期：教育及文化委員會;第10屆第4會期：教育及文化委員會;第10屆第5會期：教育及文化委員會;第10屆第6會期：教育及文化委員會;第10屆第7會期：教育及文化委員會;第10屆第8會期：教育及文化委員會;,Huang Kuo-Shu
立委45,楊曜,民進黨,澎湖,離島,澎湖,離島,澎湖,離島,東海大學法律學系,東海大學法律學系,,2020/2/1,2024/1/31,連任,男,第10屆第1會期：社會福利及衛生環境委員會;第10屆第2會期：社會福利及衛生環境委員會;第10屆第3會期：社會福利及衛生環境委員會;第10屆第4會期：社會福利及衛生環境委員會;第10屆第5會期：社會福利及衛生環境委員會;第10屆第6會期：社會福利及衛生環境委員會;第10屆第7會期：社會福利及衛生環境委員會;第10屆第8會期：社會福利及衛生環境委員會;,Yang Yao
立委46,楊瓊瓔,國民黨,臺中,中彰投,臺中,中彰投,臺中,中彰投,東海大學社會學系,亞洲大學健康產業管理學系博士,,2020/2/1,2024/1/31,連任,女,第10屆第1會期：經濟委員會;第10屆第2會期：經濟委員會;第10屆第2會期：修憲委員會;第10屆第2會期：紀律委員會;第10屆第3會期：經濟委員會;第10屆第3會期：修憲委員會;第10屆第4會期：經濟委員會;第10屆第5會期：經濟委員會;第10屆第6會期：經濟委員會;第10屆第6會期：紀律委員會;第10屆第7會期：經濟委員會;第10屆第8會期：經濟委員會;,Yang Chiung-Ying
立委54,溫玉霞,國民黨,不分區,不分區,嘉義,雲嘉,嘉義,雲嘉,未公開,密拉瑪大學MBA碩士,商會會長,2020/2/1,2024/1/31,,女,第10屆第1會期：外交及國防委員會;第10屆第2會期：外交及國防委員會;第10屆第3會期：外交及國防委員會;第10屆第3會期：程序委員會;第10屆第4會期：程序委員會;第10屆第4會期：外交及國防委員會;第10屆第5會期：外交及國防委員會;第10屆第6會期：外交及國防委員會;第10屆第7會期：社會福利及衛生環境委員會;第10屆第8會期：社會福利及衛生環境委員會;,WenYu-Hsia
立委67,萬美玲,國民黨,桃園,基北桃,桃園,基北桃,臺北,基北桃,明尼蘇達州立曼徹普立敦大學,廣州暨南大學國際關係研究所碩士,,2020/2/1,2024/1/31,連任,女,第10屆第1會期：教育及文化委員會;第10屆第2會期：教育及文化委員會;第10屆第2會期：紀律委員會;第10屆第3會期：教育及文化委員會;第10屆第4會期：程序委員會;第10屆第4會期：教育及文化委員會;第10屆第5會期：教育及文化委員會;第10屆第5會期：程序委員會;第10屆第6會期：教育及文化委員會;第10屆第7會期：教育及文化委員會;第10屆第8會期：教育及文化委員會;,WanMei-Ling
立委20,廖國棟,國民黨,原住民,原住民,臺東,宜花東,新北,基北桃,高雄醫學大學醫學系,太平洋大學道學碩士,醫師,2020/2/1,2024/1/31,,男,第10屆第1會期：經濟委員會;第10屆第1會期：紀律委員會;第10屆第3會期：社會福利及衛生環境委員會;第10屆第4會期：社會福利及衛生環境委員會;第10屆第5會期：社會福利及衛生環境委員會;第10屆第6會期：社會福利及衛生環境委員會;第10屆第7會期：經濟委員會;第10屆第8會期：經濟委員會;,Liao Kuo-Tung
立委21,廖婉汝,國民黨,不分區,不分區,屏東,南高屏,高雄,南高屏,臺灣師範大學教育系,政治大學EMBA經營管理碩士,,2020/2/1,2024/1/31,,女,第10屆第1會期：社會福利及衛生環境委員會;第10屆第2會期：社會福利及衛生環境委員會;第10屆第2會期：修憲委員會;第10屆第3會期：外交及國防委員會;第10屆第3會期：紀律委員會;第10屆第3會期：經費稽核委員會;第10屆第3會期：修憲委員會;第10屆第4會期：經費稽核委員會;第10屆第4會期：外交及國防委員會;第10屆第5會期：外交及國防委員會;第10屆第6會期：外交及國防委員會;第10屆第7會期：外交及國防委員會;第10屆第8會期：外交及國防委員會;,LiaoWan-Ju
立委59,管碧玲,民進黨,不分區,不分區,高雄,南高屏,臺中,中彰投,中興大學法商學院公共行政學系,臺灣大學政治學博士,教授,2020/2/1,2023/1/31,辭職,女,第10屆第1會期：內政委員會;第10屆第1會期：程序委員會;第10屆第1會期：紀律委員會;第10屆第2會期：程序委員會;第10屆第2會期：內政委員會;第10屆第2會期：修憲委員會;第10屆第3會期：內政委員會;第10屆第3會期：程序委員會;第10屆第3會期：修憲委員會;第10屆第4會期：程序委員會;第10屆第4會期：內政委員會;第10屆第5會期：內政委員會;第10屆第5會期：程序委員會;第10屆第6會期：程序委員會;第10屆第6會期：內政委員會;,Kuan Bi-Ling
立委85,趙天麟,民進黨,高雄,南高屏,高雄,南高屏,臺北,基北桃,世新大學口語傳播學系,中山大學公共政策碩士,電臺主持人,2020/2/1,2024/1/31,黃捷,男,第10屆第1會期：外交及國防委員會;第10屆第2會期：外交及國防委員會;第10屆第2會期：修憲委員會;第10屆第3會期：外交及國防委員會;第10屆第3會期：紀律委員會;第10屆第3會期：修憲委員會;第10屆第4會期：外交及國防委員會;第10屆第5會期：外交及國防委員會;第10屆第6會期：外交及國防委員會;第10屆第7會期：外交及國防委員會;第10屆第8會期：外交及國防委員會;,Chao Tien-Lin
立委86,趙正宇,民進黨,桃園,基北桃,桃園,基北桃,桃園,基北桃,陸軍軍官學校,銘傳大學公共事務學碩士,陸軍上尉,2020/2/1,2024/1/31,邱若華,男,第10屆第1會期：交通委員會;第10屆第2會期：交通委員會;第10屆第3會期：交通委員會;第10屆第4會期：交通委員會;第10屆第5會期：交通委員會;第10屆第6會期：交通委員會;第10屆第7會期：交通委員會;第10屆第8會期：交通委員會;,Chao Cheng-Yu
立委6,劉世芳,民進黨,高雄,南高屏,高雄,南高屏,臺北,基北桃,淡江大學化學工程系,奧克拉荷馬州州立大學環境工程碩士,研究員,2020/2/1,2024/1/31,李柏毅,女,第10屆第1會期：司法及法制委員會;第10屆第2會期：司法及法制委員會;第10屆第2會期：修憲委員會;第10屆第3會期：司法及法制委員會;第10屆第3會期：修憲委員會;第10屆第4會期：司法及法制委員會;第10屆第5會期：交通委員會;第10屆第6會期：交通委員會;第10屆第6會期：紀律委員會;第10屆第7會期：外交及國防委員會;第10屆第8會期：外交及國防委員會;,Liu Shyh-Fang
立委7,劉建國,民進黨,雲林,雲嘉,雲林,雲嘉,雲林,雲嘉,稻江科技暨管理學院老人福祉與社會工作學系,南華大學旅遊管理學系暨旅遊管理碩士,,2020/2/1,2024/1/31,連任,男,第10屆第1會期：社會福利及衛生環境委員會;第10屆第1會期：紀律委員會;第10屆第2會期：社會福利及衛生環境委員會;第10屆第3會期：外交及國防委員會;第10屆第4會期：外交及國防委員會;第10屆第5會期：司法及法制委員會;第10屆第6會期：司法及法制委員會;第10屆第7會期：司法及法制委員會;第10屆第8會期：司法及法制委員會;,Liu  Chien-Kuo
立委8,劉櫂豪,民進黨,臺東,宜花東,臺東,宜花東,臺東,宜花東,政治大學法律學系,政治大學法律學系,法官,2020/2/1,2024/1/31,黃建賓,男,第10屆第1會期：交通委員會;第10屆第2會期：交通委員會;第10屆第2會期：紀律委員會;第10屆第3會期：交通委員會;第10屆第4會期：交通委員會;第10屆第5會期：交通委員會;第10屆第6會期：交通委員會;第10屆第7會期：交通委員會;第10屆第8會期：交通委員會;,Liu Chao-Hao
立委70,蔡易餘,民進黨,嘉義,雲嘉,嘉義,雲嘉,嘉義,雲嘉,臺灣大學法律學系財經法律組,臺灣大學法律學系財經法學組,律師,2020/2/1,2024/1/31,連任,男,第10屆第1會期：司法及法制委員會;第10屆第2會期：修憲委員會;第10屆第2會期：紀律委員會;第10屆第3會期：經濟委員會;第10屆第3會期：修憲委員會;第10屆第4會期：經濟委員會;第10屆第5會期：交通委員會;第10屆第6會期：交通委員會;第10屆第7會期：經濟委員會;第10屆第8會期：經濟委員會;,Tsai Yi-Yu
立委68,蔡培慧,民進黨,南投,中彰投,南投,中彰投,新北,基北桃,致理商業專科學校,臺灣大學生物產業傳播暨發展學系博士,教授,2023/3/13,2024/1/31,游顥,女,第10屆第7會期：交通委員會;第10屆第8會期：交通委員會;,Tsai Pei-Hui
立委71,蔡適應,民進黨,基隆,基北桃,基隆,基北桃,高雄,南高屏,東海大學政治學系國際關係組,臺北大學都市計劃研究所博士,,2020/2/1,2024/1/31,林沛祥,男,第10屆第1會期：外交及國防委員會;第10屆第1會期：紀律委員會;第10屆第2會期：外交及國防委員會;第10屆第3會期：外交及國防委員會;第10屆第4會期：外交及國防委員會;第10屆第5會期：外交及國防委員會;第10屆第6會期：外交及國防委員會;第10屆第7會期：外交及國防委員會;第10屆第8會期：外交及國防委員會;,Tsai Shih-Ying
立委69,蔡壁如,民眾黨,不分區,不分區,臺北,基北桃,屏東,南高屏,美和護理專科學校護理助產科,德明財經科技大學資訊管理碩士,護理師,2020/2/1,2022/10/17,辭職,女,第10屆第1會期：財政委員會;第10屆第1會期：經費稽核委員會;第10屆第2會期：財政委員會;第10屆第2會期：經費稽核委員會;第10屆第3會期：經濟委員會;第10屆第3會期：經費稽核委員會;第10屆第4會期：經費稽核委員會;第10屆第4會期：經濟委員會;第10屆第5會期：社會福利及衛生環境委員會;第10屆第5會期：程序委員會;第10屆第6會期：社會福利及衛生環境委員會;第10屆第6會期：程序委員會;,TsaiPi-Ru
立委72,蔣萬安,國民黨,臺北,基北桃,臺北,基北桃,臺北,基北桃,政治大學外交、法律學系,賓夕法尼亞大學法學院法律博士,律師,2020/2/1,2022/11/10,辭職,男,第10屆第1會期：社會福利及衛生環境委員會;第10屆第1會期：程序委員會;第10屆第2會期：程序委員會;第10屆第2會期：社會福利及衛生環境委員會;第10屆第2會期：紀律委員會;第10屆第3會期：社會福利及衛生環境委員會;第10屆第4會期：社會福利及衛生環境委員會;第10屆第5會期：社會福利及衛生環境委員會;第10屆第6會期：社會福利及衛生環境委員會;,Chiang Wan-An
立委93,鄭天財,國民黨,原住民,原住民,臺北,基北桃,花蓮,宜花東,臺灣大學法律學系,臺灣大學法律學系,公務人員,2020/2/1,2024/1/31,連任,男,第10屆第1會期：內政委員會;第10屆第2會期：內政委員會;第10屆第2會期：修憲委員會;第10屆第2會期：紀律委員會;第10屆第2會期：交通委員會;第10屆第3會期：交通委員會;第10屆第3會期：修憲委員會;第10屆第4會期：交通委員會;第10屆第5會期：內政委員會;第10屆第5會期：紀律委員會;第10屆第6會期：內政委員會;第10屆第7會期：內政委員會;第10屆第8會期：內政委員會;,Jeng Tian-Tsair
立委94,鄭正鈐,國民黨,新竹,竹苗,新竹,竹苗,新竹,竹苗,政治大學外交學系,中華大學科技管理學所博士,教授,2020/2/1,2024/1/31,連任,男,第10屆第1會期：教育及文化委員會;第10屆第2會期：教育及文化委員會;第10屆第3會期：教育及文化委員會;第10屆第4會期：教育及文化委員會;第10屆第5會期：教育及文化委員會;第10屆第6會期：教育及文化委員會;第10屆第6會期：紀律委員會;第10屆第7會期：教育及文化委員會;第10屆第8會期：教育及文化委員會;,ChengCheng-Chien
立委95,鄭運鵬,民進黨,桃園,基北桃,桃園,基北桃,臺北,基北桃,臺灣大學土木工程學系,臺灣大學土木工程學系,,2020/2/1,2024/1/31,牛煦庭,男,第10屆第1會期：司法及法制委員會;第10屆第3會期：經濟委員會;第10屆第4會期：經濟委員會;第10屆第5會期：司法及法制委員會;第10屆第6會期：司法及法制委員會;第10屆第7會期：司法及法制委員會;第10屆第8會期：司法及法制委員會;,Cheng Yun-Peng
立委96,鄭麗文,國民黨,不分區,不分區,臺北,基北桃,臺北,基北桃,臺灣大學法律學系,劍橋大學國際關係碩士,,2020/2/1,2024/1/31,,女,第10屆第1會期：司法及法制委員會;第10屆第1會期：程序委員會;第10屆第2會期：程序委員會;第10屆第2會期：司法及法制委員會;第10屆第2會期：修憲委員會;第10屆第3會期：司法及法制委員會;第10屆第3會期：程序委員會;第10屆第3會期：修憲委員會;第10屆第4會期：司法及法制委員會;第10屆第5會期：內政委員會;第10屆第6會期：內政委員會;第10屆第7會期：教育及文化委員會;第10屆第8會期：教育及文化委員會;,Cheng Li-Wun
立委118,魯明哲,國民黨,桃園,基北桃,桃園,基北桃,臺北,基北桃,政治大學企業管理學系,元智大學企業管理學系碩士,講師,2020/2/1,2024/1/31,連任,男,第10屆第1會期：交通委員會;第10屆第2會期：修憲委員會;第10屆第3會期：內政委員會;第10屆第3會期：修憲委員會;第10屆第4會期：內政委員會;第10屆第5會期：交通委員會;第10屆第6會期：交通委員會;第10屆第6會期：紀律委員會;第10屆第7會期：交通委員會;第10屆第8會期：交通委員會;,Lu Ming-Che
立委81,賴士葆,國民黨,臺北,基北桃,臺北,基北桃,臺中,中彰投,成功大學機械系,南加州大學工業與系統工程學博士,教授,2020/2/1,2024/1/31,連任,男,第10屆第1會期：財政委員會;第10屆第1會期：紀律委員會;第10屆第2會期：財政委員會;第10屆第3會期：財政委員會;第10屆第3會期：修憲委員會;第10屆第4會期：財政委員會;第10屆第5會期：財政委員會;第10屆第6會期：財政委員會;第10屆第7會期：財政委員會;第10屆第8會期：財政委員會;,LaiShyh-Bao
立委80,賴品妤,民進黨,新北,基北桃,新北,基北桃,新北,基北桃,臺北大學法律學系,臺北大學法律學系,,2020/2/1,2024/1/31,廖先翔,女,第10屆第1會期：教育及文化委員會;第10屆第2會期：教育及文化委員會;第10屆第3會期：教育及文化委員會;第10屆第4會期：教育及文化委員會;第10屆第5會期：教育及文化委員會;第10屆第5會期：紀律委員會;第10屆第6會期：教育及文化委員會;第10屆第7會期：內政委員會;第10屆第8會期：內政委員會;,LaiPin-Yu
立委84,賴香伶,民眾黨,不分區,不分區,臺北,基北桃,新竹,竹苗,輔仁大學企業管理學系,世新大學社會發展研究所,,2020/2/1,2024/1/31,,女,第10屆第1會期：司法及法制委員會;第10屆第2會期：修憲委員會;第10屆第3會期：社會福利及衛生環境委員會;第10屆第3會期：程序委員會;第10屆第3會期：修憲委員會;第10屆第4會期：程序委員會;第10屆第4會期：社會福利及衛生環境委員會;第10屆第5會期：內政委員會;第10屆第6會期：內政委員會;第10屆第7會期：司法及法制委員會;第10屆第8會期：司法及法制委員會;,LaiHsiang-Ling
立委82,賴惠員,民進黨,臺南,南高屏,臺南,南高屏,臺南,南高屏,嘉義大學獸醫科,中正大學政治所碩士,講師,2020/2/1,2024/1/31,連任,女,第10屆第1會期：內政委員會;第10屆第1會期：經費稽核委員會;第10屆第2會期：內政委員會;第10屆第2會期：經費稽核委員會;第10屆第3會期：社會福利及衛生環境委員會;第10屆第4會期：社會福利及衛生環境委員會;第10屆第5會期：社會福利及衛生環境委員會;第10屆第5會期：紀律委員會;第10屆第6會期：社會福利及衛生環境委員會;第10屆第7會期：社會福利及衛生環境委員會;第10屆第8會期：社會福利及衛生環境委員會;,LaiHui-Yuan
立委83,賴瑞隆,民進黨,高雄,南高屏,高雄,南高屏,新北,基北桃,東吳大學政治學系,臺灣大學國家發展研究所兩岸組碩士,,2020/2/1,2024/1/31,連任,男,第10屆第1會期：經濟委員會;第10屆第2會期：經濟委員會;第10屆第2會期：修憲委員會;第10屆第2會期：紀律委員會;第10屆第3會期：經濟委員會;第10屆第3會期：修憲委員會;第10屆第4會期：經濟委員會;第10屆第5會期：經濟委員會;第10屆第6會期：經濟委員會;第10屆第6會期：紀律委員會;第10屆第7會期：經濟委員會;第10屆第8會期：經濟委員會;,LaiJui-Lung
立委78,謝衣?,國民黨,彰化,中彰投,彰化,中彰投,彰化,中彰投,淡江大學土木工程系,政治大學經濟學系博士,講師,2020/2/1,2024/1/31,連任,女,第10屆第1會期：經濟委員會;第10屆第2會期：經濟委員會;第10屆第2會期：修憲委員會;第10屆第3會期：經濟委員會;第10屆第3會期：修憲委員會;第10屆第4會期：經濟委員會;第10屆第5會期：經濟委員會;第10屆第5會期：紀律委員會;第10屆第6會期：程序委員會;第10屆第6會期：經濟委員會;第10屆第7會期：司法及法制委員會;第10屆第7會期：程序委員會;第10屆第7會期：經費稽核委員會;第10屆第8會期：程序委員會;第10屆第8會期：司法及法制委員會;第10屆第8會期：經費稽核委員會;,HsiehYi-Fong
立委97,鍾佳濱,民進黨,屏東,南高屏,屏東,南高屏,屏東,南高屏,臺灣大學歷史學系,屏東科技大學高階經營管理碩士在職專班,,2020/2/1,2024/1/31,連任,男,第10屆第1會期：司法及法制委員會;第10屆第2會期：修憲委員會;第10屆第3會期：財政委員會;第10屆第3會期：修憲委員會;第10屆第4會期：財政委員會;第10屆第5會期：財政委員會;第10屆第6會期：財政委員會;第10屆第6會期：紀律委員會;第10屆第7會期：財政委員會;第10屆第8會期：財政委員會;,Chung Chia-Pin
立委60,羅明才,國民黨,新北,基北桃,新北,基北桃,彰化,中彰投,致理商業專科學校企業管理科,四川大學經濟博士,,2020/2/1,2024/1/31,連任,男,第10屆第1會期：財政委員會;第10屆第2會期：財政委員會;第10屆第3會期：財政委員會;第10屆第4會期：財政委員會;第10屆第5會期：財政委員會;第10屆第5會期：紀律委員會;第10屆第6會期：財政委員會;第10屆第7會期：財政委員會;第10屆第8會期：財政委員會;,Lo Ming-Tsai
立委61,羅美玲,民進黨,不分區,不分區,南投,中彰投,其它,其它,臺灣師範大學地理系,彰化師範大學財務金融技術學系博士班,高中教師,2020/2/1,2024/1/31,連任,女,第10屆第1會期：內政委員會;第10屆第1會期：程序委員會;第10屆第2會期：程序委員會;第10屆第2會期：內政委員會;第10屆第3會期：內政委員會;第10屆第3會期：程序委員會;第10屆第4會期：程序委員會;第10屆第4會期：內政委員會;第10屆第5會期：內政委員會;第10屆第5會期：程序委員會;第10屆第6會期：程序委員會;第10屆第6會期：內政委員會;第10屆第7會期：程序委員會;第10屆第7會期：內政委員會;第10屆第8會期：程序委員會;第10屆第8會期：內政委員會;,LohMeei-Ling
立委62,羅致政,民進黨,新北,基北桃,新北,基北桃,新北,基北桃,政治大學外交系,加州大學洛杉磯分校政治學博士,教授,2020/2/1,2024/1/31,葉元之,男,第10屆第1會期：外交及國防委員會;第10屆第2會期：外交及國防委員會;第10屆第2會期：修憲委員會;第10屆第2會期：司法及法制委員會;第10屆第3會期：司法及法制委員會;第10屆第3會期：修憲委員會;第10屆第4會期：司法及法制委員會;第10屆第5會期：外交及國防委員會;第10屆第5會期：紀律委員會;第10屆第6會期：外交及國防委員會;第10屆第7會期：外交及國防委員會;第10屆第8會期：外交及國防委員會;,Lo Chih-Cheng
立委73,蘇巧慧,民進黨,新北,基北桃,新北,基北桃,新北,基北桃,臺灣大學法律系,賓夕法尼亞大學法律博士,律師,2020/2/1,2024/1/31,連任,女,第10屆第1會期：社會福利及衛生環境委員會;第10屆第2會期：社會福利及衛生環境委員會;第10屆第2會期：修憲委員會;第10屆第3會期：社會福利及衛生環境委員會;第10屆第3會期：修憲委員會;第10屆第4會期：社會福利及衛生環境委員會;第10屆第5會期：社會福利及衛生環境委員會;第10屆第6會期：社會福利及衛生環境委員會;第10屆第7會期：社會福利及衛生環境委員會;第10屆第8會期：社會福利及衛生環境委員會;,SuChiao-Hui
立委74,蘇治芬,民進黨,雲林,雲嘉,雲林,雲嘉,臺北,基北桃,台南家政專科學校財務金融學系,雲林科技大學企業管理所碩士,,2020/2/1,2024/1/31,丁學忠,女,第10屆第1會期：經濟委員會;第10屆第2會期：經濟委員會;第10屆第3會期：經濟委員會;第10屆第4會期：經濟委員會;第10屆第5會期：經濟委員會;第10屆第6會期：經濟委員會;第10屆第7會期：經濟委員會;第10屆第8會期：經濟委員會;,Su Chih-Fen
立委75,蘇震清,民進黨,屏東,南高屏,屏東,南高屏,屏東,南高屏,世界新聞專科學校公共關係科,屏東科技大學農企業管理系碩士,,2020/2/1,2024/1/31,徐富癸,男,第10屆第1會期：經濟委員會;第10屆第2會期：交通委員會;第10屆第3會期：交通委員會;第10屆第4會期：交通委員會;第10屆第5會期：經濟委員會;第10屆第6會期：經濟委員會;第10屆第7會期：經濟委員會;第10屆第8會期：經濟委員會;,Su Chen-Ching
